Titre,Image,Description,Lien
Ron DeSantis abandonne la course à la Maison Blanche et soutiendra Trump,https://cdn.lenouvelliste.com/shared/skeleton-image.webp,,https://lenouvelliste.com/article/246449/ron-desantis-abandonne-la-course-a-la-maison-blanche-et-soutiendra-trump
Titre,Image,Description,Lien
Port-de-Paix : nouvelles vagues de kidnapping sur la route nationale #5,https://cdn.lenouvelliste.com/shared/skeleton-image.webp,,https://lenouvelliste.com/article/246445/port-de-paix-nouvelles-vagues-de-kidnapping-sur-la-route-nationale-5
Titre,Image,Description,Lien
"« Un accord politique n'est pas nécessairement une condition préalable pour le déploiement de la MMAS », selon Maria Isabel Salvador",https://cdn.lenouvelliste.com/shared/skeleton-image.webp,,https://lenouvelliste.com/article/246434/un-accord-politique-nest-pas-necessairement-une-condition-prealable-pour-le-deploiement-de-la-mmas-selon-maria-isabel-salvador
Titre,Image,Description,Lien
Sanctions onusiennes: le panel des experts en mission à Port-au-Prince,https://cdn.lenouvelliste.com/shared/skeleton-image.webp,,https://lenouvelliste.com/article/246443/sanctions-onusiennes-le-panel-des-experts-en-mission-a-port-au-prince
Titre,Image,Description,Lien
Augmentation des plaies par balle dans les hôpitaux,https://cdn.lenouvelliste.com/shared/skeleton-image.webp,,https://lenouvelliste.com/article/246436/augmentation-des-plaies-par-balle-dans-les-hopitaux
Titre,Image,Description,Lien
Haïti n'a pas besoin de nouvelles promesses,https://cdn.lenouvelliste.com/shared/skeleton-image.webp,,https://lenouvelliste.com/article/246444/haiti-na-pas-besoin-de-nouvelles-promesses
Titre,Image,Description,Lien
Six religieuses de la Congrégation des sœurs de Ste-Anne enlevées à Port-au-Prince,https://cdn.lenouvelliste.com/shared/skeleton-image.webp,,https://lenouvelliste.com/article/246425/six-religieuses-de-la-congregation-des-soeurs-de-ste-anne-enlevees-a-port-au-prince
Titre,Image,Description,Lien
Maria Isabel Salvador dresse le portrait des prisons haïtiennes à la réunion de l’Organisation internationale de la francophonie,https://cdn.lenouvelliste.com/shared/skeleton-image.webp,,https://lenouvelliste.com/article/246435/maria-isabel-salvador-dresse-le-portrait-des-prisons-haitiennes-a-la-reunion-de-lorganisation-internationale-de-la-francophonie
Titre,Image,Description,Lien
La société du Rhum Barbancourt part en guerre contre la contrefaçon,https://cdn.lenouvelliste.com/shared/skeleton-image.webp,,https://lenouvelliste.com/article/246438/la-societe-du-rhum-barbancourt-part-en-guerre-contre-la-contrefacon
Titre,Image,Description,Lien
Le MENFP s’associe avec des fédérations sportives pour encourager la pratique du sport en milieu scolaire,https://cdn.lenouvelliste.com/shared/skeleton-image.webp,,https://lenouvelliste.com/article/246430/le-menfp-sassocie-avec-des-federations-sportives-pour-encourager-la-pratique-du-sport-en-milieu-scolaire
Titre,Image,Description,Lien
« Haïti-Louisiane: les Marées de la Liberté »,https://cdn.lenouvelliste.com/shared/skeleton-image.webp,,https://lenouvelliste.com/article/246428/haiti-louisiane-les-marees-de-la-liberte
Titre,Image,Description,Lien
Lol Fest Caraïbes 2024 vous attend !,https://cdn.lenouvelliste.com/shared/skeleton-image.webp,,https://lenouvelliste.com/article/246432/lol-fest-caraibes-2024-vous-attend
Titre,Image,Description,Lien
C’est parti pour la 17e édition du PaPJazz,https://cdn.lenouvelliste.com/shared/skeleton-image.webp,,https://lenouvelliste.com/article/246433/cest-parti-pour-la-17e-edition-du-papjazz
Titre,Image,Description,Lien
Solidarité en Haïti et dans le monde pour réclamer la libération de Douglas Pape,https://cdn.lenouvelliste.com/shared/skeleton-image.webp,,https://lenouvelliste.com/article/246421/solidarite-en-haiti-et-dans-le-monde-pour-reclamer-la-liberation-de-douglas-pape
Titre,Image,Description,Lien
L’OEA exclut toute possibilité d’une « transition dans la transition » et souhaite un accord national,https://cdn.lenouvelliste.com/shared/skeleton-image.webp,,https://lenouvelliste.com/article/246405/loea-exclut-toute-possibilite-dune-transition-dans-la-transition-et-souhaite-un-accord-national
Titre,Image,Description,Lien
Dans l’attente de la réponse du gouvernement,https://cdn.lenouvelliste.com/shared/skeleton-image.webp,,https://lenouvelliste.com/article/246422/dans-lattente-de-la-reponse-du-gouvernement
Titre,Image,Description,Lien
MMAS:  les policiers kenyans complètent leur formation et attendent la décision du tribunal de Nairobi,https://cdn.lenouvelliste.com/shared/skeleton-image.webp,,https://lenouvelliste.com/article/246420/mmas-les-policiers-kenyans-completent-leur-formation-et-attendent-la-decision-du-tribunal-de-nairobi
Titre,Image,Description,Lien
Pierre Marie Boisson dénonce un tort fait aux bénéficiaires des transferts,https://cdn.lenouvelliste.com/shared/skeleton-image.webp,,https://lenouvelliste.com/article/246377/pierre-marie-boisson-denonce-un-tort-fait-aux-beneficiaires-des-transferts
Titre,Image,Description,Lien
Le MENFP sensibilise à la production de statistiques sur l'éducation,https://cdn.lenouvelliste.com/shared/skeleton-image.webp,,https://lenouvelliste.com/article/246408/le-menfp-sensibilise-a-la-production-de-statistiques-sur-leducation
Titre,Image,Description,Lien
Basket-ball: les perspectives de la FHB pour 2024,https://cdn.lenouvelliste.com/shared/skeleton-image.webp,,https://lenouvelliste.com/article/246402/basket-ball-les-perspectives-de-la-fhb-pour-2024
Titre,Image,Description,Lien
Le Congrès américain évite de justesse une paralysie budgétaire du pays,https://cdn.lenouvelliste.com/shared/skeleton-image.webp,,https://lenouvelliste.com/article/246412/le-congres-americain-evite-de-justesse-une-paralysie-budgetaire-du-pays
Titre,Image,Description,Lien
Tifane : « Je suis toujours très engagée dans le monde musical »,https://cdn.lenouvelliste.com/shared/skeleton-image.webp,,https://lenouvelliste.com/article/246416/tifane-je-suis-toujours-tres-engagee-dans-le-monde-musical
